-- MySQL dump 10.13  Distrib 8.0.42, for Linux (x86_64)
--
-- Host: localhost    Database: testdb
-- ------------------------------------------------------
-- Server version	8.0.42

/*!40101 SET @OLD_CHARACTER_SET_CLIENT=@@CHARACTER_SET_CLIENT */;
/*!40101 SET @OLD_CHARACTER_SET_RESULTS=@@CHARACTER_SET_RESULTS */;
/*!40101 SET @OLD_COLLATION_CONNECTION=@@COLLATION_CONNECTION */;
/*!50503 SET NAMES utf8mb4 */;
/*!40103 SET @OLD_TIME_ZONE=@@TIME_ZONE */;
/*!40103 SET TIME_ZONE='+00:00' */;
/*!40014 SET @OLD_UNIQUE_CHECKS=@@UNIQUE_CHECKS, UNIQUE_CHECKS=0 */;
/*!40014 SET @OLD_FOREIGN_KEY_CHECKS=@@FOREIGN_KEY_CHECKS, FOREIGN_KEY_CHECKS=0 */;
/*!40101 SET @OLD_SQL_MODE=@@SQL_MODE, SQL_MODE='NO_AUTO_VALUE_ON_ZERO' */;
/*!40111 SET @OLD_SQL_NOTES=@@SQL_NOTES, SQL_NOTES=0 */;

--
-- Current Database: `testdb`
--

CREATE DATABASE /*!32312 IF NOT EXISTS*/ `testdb` /*!40100 DEFAULT CHARACTER SET utf8mb4 COLLATE utf8mb4_unicode_ci */ /*!80016 DEFAULT ENCRYPTION='N' */;

USE `testdb`;

--
-- Table structure for table `alembic_version`
--

DROP TABLE IF EXISTS `alembic_version`;
/*!40101 SET @saved_cs_client     = @@character_set_client */;
/*!50503 SET character_set_client = utf8mb4 */;
CREATE TABLE `alembic_version` (
  `version_num` varchar(32) COLLATE utf8mb4_unicode_ci NOT NULL,
  PRIMARY KEY (`version_num`)
) ENGINE=InnoDB DEFAULT CHARSET=utf8mb4 COLLATE=utf8mb4_unicode_ci;
/*!40101 SET character_set_client = @saved_cs_client */;

--
-- Dumping data for table `alembic_version`
--

LOCK TABLES `alembic_version` WRITE;
/*!40000 ALTER TABLE `alembic_version` DISABLE KEYS */;
INSERT INTO `alembic_version` VALUES ('bdedce939ef8');
/*!40000 ALTER TABLE `alembic_version` ENABLE KEYS */;
UNLOCK TABLES;

--
-- Table structure for table `candidates`
--

DROP TABLE IF EXISTS `candidates`;
/*!40101 SET @saved_cs_client     = @@character_set_client */;
/*!50503 SET character_set_client = utf8mb4 */;
CREATE TABLE `candidates` (
  `id` int NOT NULL AUTO_INCREMENT,
  `name` varchar(100) COLLATE utf8mb4_unicode_ci NOT NULL,
  `email` varchar(100) COLLATE utf8mb4_unicode_ci NOT NULL,
  `resume_text` text COLLATE utf8mb4_unicode_ci NOT NULL,
  `created_at` timestamp NULL DEFAULT (now()),
  `updated_at` timestamp NULL DEFAULT (now()),
  `structured_resume_info` json DEFAULT NULL,
  PRIMARY KEY (`id`),
  UNIQUE KEY `ix_candidates_email` (`email`),
  KEY `ix_candidates_id` (`id`)
) ENGINE=InnoDB AUTO_INCREMENT=8 DEFAULT CHARSET=utf8mb4 COLLATE=utf8mb4_unicode_ci;
/*!40101 SET character_set_client = @saved_cs_client */;

--
-- Dumping data for table `candidates`
--

LOCK TABLES `candidates` WRITE;
/*!40000 ALTER TABLE `candidates` DISABLE KEYS */;
INSERT INTO `candidates` VALUES (6,'张三','zhangzhefang@msn.cn','1. 姓名：张三  \n2. 联系方式（电话、邮箱）：电话：18912507106，电子邮件：zhangsan@msn.cn  \n3. 教育背景（学历、院校、专业、起止时间）：未提供  \n4. 工作经历（公司、职位、起止时间、工作内容）：未提供  \n5. 技能关键词：Python，TensorFlow，PyTorch，推荐算法，数据处理，机器学习，大数据处理，Hadoop，Spark，Flink  \n6. 个人亮点总结：有3年以上推荐算法开发经验，能够独立设计和实现复杂推荐系统，熟练掌握深度学习框架与相关技术。','2025-05-17 08:32:23','2025-05-17 08:32:23',NULL);
/*!40000 ALTER TABLE `candidates` ENABLE KEYS */;
UNLOCK TABLES;

--
-- Table structure for table `interview_logs`
--

DROP TABLE IF EXISTS `interview_logs`;
/*!40101 SET @saved_cs_client     = @@character_set_client */;
/*!50503 SET character_set_client = utf8mb4 */;
CREATE TABLE `interview_logs` (
  `id` int NOT NULL AUTO_INCREMENT,
  `interview_id` int NOT NULL,
  `question_id` int DEFAULT NULL,
  `question_text_snapshot` text COLLATE utf8mb4_unicode_ci,
  `full_dialogue_text` text COLLATE utf8mb4_unicode_ci NOT NULL,
  `order_num` int DEFAULT NULL,
  `created_at` timestamp NULL DEFAULT (now()),
  `speaker_role` enum('INTERVIEWER','CANDIDATE','SYSTEM') COLLATE utf8mb4_unicode_ci NOT NULL DEFAULT 'SYSTEM',
  PRIMARY KEY (`id`),
  KEY `interview_id` (`interview_id`),
  KEY `question_id` (`question_id`),
  KEY `ix_interview_logs_id` (`id`),
  CONSTRAINT `interview_logs_ibfk_1` FOREIGN KEY (`interview_id`) REFERENCES `interviews` (`id`),
  CONSTRAINT `interview_logs_ibfk_2` FOREIGN KEY (`question_id`) REFERENCES `questions` (`id`) ON DELETE SET NULL
) ENGINE=InnoDB AUTO_INCREMENT=63 DEFAULT CHARSET=utf8mb4 COLLATE=utf8mb4_unicode_ci;
/*!40101 SET character_set_client = @saved_cs_client */;

--
-- Dumping data for table `interview_logs`
--

LOCK TABLES `interview_logs` WRITE;
/*!40000 ALTER TABLE `interview_logs` DISABLE KEYS */;
INSERT INTO `interview_logs` VALUES (37,12,79,'请详细描述您在推荐算法开发中的具体项目经历，您是如何理解和分析业务需求，并将其转化为技术解决方案的？','请详细描述您在推荐算法开发中的具体项目经历，您是如何理解和分析业务需求，并将其转化为技术解决方案的？',1,'2025-05-17 13:05:03','INTERVIEWER'),(38,12,79,'请详细描述您在推荐算法开发中的具体项目经历，您是如何理解和分析业务需求，并将其转化为技术解决方案的？','在我参与的电商首页推荐优化项目中，业务提出希望提升新用户转化率。起初需求较模糊，我通过与产品、运营深入沟通，结合用户行为数据分析，发现新用户转化低主要受冷启动影响。基于这一洞察，我提出基于用户兴趣标签和内容特征的冷启动推荐策略，并设计召回+排序两阶段架构，结合实时特征更新，确保推荐效果和系统性能。最终帮助业务实现新用户转化率提升12%。',2,'2025-05-17 13:05:24','CANDIDATE'),(39,12,NULL,NULL,'在这个过程中，您遇到的最大挑战是什么？您是如何克服的？',3,'2025-05-17 13:07:33','INTERVIEWER'),(40,12,NULL,'在这个过程中，您遇到的最大挑战是什么？您是如何克服的？','最大挑战是冷启动用户推荐效果差，我引入用户兴趣标签和内容特征，设计多策略融合方案，并通过AB测试持续优化，显著提升了新用户转化。',4,'2025-05-17 13:07:50','CANDIDATE'),(41,12,NULL,NULL,'您是如何量化您提到的这个成果的？有哪些具体数据支撑吗？',5,'2025-05-17 13:11:09','INTERVIEWER'),(42,12,NULL,'您是如何量化您提到的这个成果的？有哪些具体数据支撑吗？','我通过AB测试验证方案效果，新用户首页CTR提升18%，转化率提升12%，并监控关键指标在上线后稳定运行，确保方案带来持续业务价值。',6,'2025-05-17 13:11:46','CANDIDATE'),(45,12,NULL,NULL,'在这个过程中，您遇到的最大挑战是什么？您是如何克服的？',7,'2025-05-20 07:35:47','INTERVIEWER'),(46,12,NULL,'在这个过程中，您遇到的最大挑战是什么？您是如何克服的？','房）。\n\n解决方案：\n\n动态权重设计：\n\n前3次交互赋予较低权重，随着交互次数增加逐步提升权重\n\n引入时间衰减因子，24小时内的行为权重更高\n\n跨域兴趣扩展：\n\n通过NLP分析内容标签构建知识图谱\n\n当某类目数据不足时，推荐关联类目（如喜欢篮球→推荐运动鞋）\n\nEE（Exploration-Exploitation）平衡：\n\n使用Bandit算法，保留10%流量探索用户潜在兴趣\n\n通过CTR置信区间自动识别探索时机\n\n效果：多样性指标提升30%的同时，首日留存率保持稳定。',8,'2025-05-20 07:36:22','CANDIDATE'),(47,12,NULL,NULL,'在这个过程中，您遇到的最大挑战是什么？您是如何克服的？',9,'2025-05-20 07:38:31','INTERVIEWER'),(48,12,NULL,'在这个过程中，您遇到的最大挑战是什么？您是如何克服的？','挑战：新用户行为稀疏导致画像不准\n\n解法：\n\n混合协同过滤+内容特征\n\n实时更新短期兴趣\n\n保留10%流量探索冷门项\n\n效果：7日留存+22%，多样性+15%',10,'2025-05-20 07:39:05','CANDIDATE'),(49,12,NULL,NULL,'在这个过程中，您遇到的最大挑战是什么？您是如何克服的？',11,'2025-05-20 07:42:58','INTERVIEWER'),(50,12,NULL,'在这个过程中，您遇到的最大挑战是什么？您是如何克服的？','挑战：新用户行为稀疏导致画像不准\n\n解法：\n\n混合协同过滤+内容特征\n\n实时更新短期兴趣\n\n保留10%流量探索冷门项\n\n效果：7日留存+22%，多样性+15%',12,'2025-05-20 07:43:05','CANDIDATE'),(51,12,NULL,NULL,'如果可以重新来一次，您会在哪些方面做得不同？为什么？',13,'2025-05-20 07:43:29','INTERVIEWER'),(52,12,NULL,'如果可以重新来一次，您会在哪些方面做得不同？为什么？','针对以下几点进行优化：\n混合协同过滤+内容特征\n\n实时更新短期兴趣\n\n保留10%流量探索冷门项',14,'2025-05-20 07:43:55','CANDIDATE'),(53,12,81,'请谈谈您在团队协作中所扮演的角色，尤其是在项目实施中，您是如何指导团队成员并解决技术难题的？能否举例说明？','请谈谈您在团队协作中所扮演的角色，尤其是在项目实施中，您是如何指导团队成员并解决技术难题的？能否举例说明？',15,'2025-05-20 07:46:49','INTERVIEWER'),(54,12,81,'请谈谈您在团队协作中所扮演的角色，尤其是在项目实施中，您是如何指导团队成员并解决技术难题的？能否举例说明？','作为技术负责人，我主导设计了推荐系统架构并定期组织代码评审，例如在冷启动项目中发现团队成员对Bandit算法理解不足时，通过1对1辅导和简化算法原型（如用Epsilon-Greedy演示核心思想）快速提升团队落地能力，最终推动项目提前2周上线。',16,'2025-05-20 07:47:23','CANDIDATE'),(55,12,NULL,NULL,'在您提到的冷启动项目中，除了Bandit算法外，您还考虑过哪些其他算法或策略？您选择Bandit算法的原因是什么？',17,'2025-05-20 07:48:29','INTERVIEWER'),(58,16,104,'请详细描述您在推荐算法开发中所采用的系统架构，如何确保系统的高性能和可扩展性？','请详细描述您在推荐算法开发中所采用的系统架构，如何确保系统的高性能和可扩展性？',1,'2025-05-20 12:35:58','INTERVIEWER'),(59,16,104,'请详细描述您在推荐算法开发中所采用的系统架构，如何确保系统的高性能和可扩展性？','作为推荐系统架构师，我设计了基于微服务的分层架构（实时特征计算层+分布式模型服务层），通过引入Redis缓存用户实时行为、Flink进行流式特征处理、以及模型分片部署策略，实现系统在千万级QPS下保持<50ms延迟，同时支持横向扩展。',2,'2025-05-20 12:36:55','CANDIDATE'),(60,16,NULL,NULL,'在这个过程中，您遇到的最大挑战是什么？您是如何克服的？',3,'2025-05-20 12:37:09','INTERVIEWER'),(61,16,NULL,'在这个过程中，您遇到的最大挑战是什么？您是如何克服的？','挑战：实时特征计算与离线模型更新的数据一致性难题\n\n解法：\n\n设计双缓冲机制：在线服务使用稳定特征版本，后台异步更新下一版本\n\n引入特征版本校验，自动回滚异常数据\n\n通过分布式事务保证特征库与模型服务的原子更新\n\n效果：特征漂移率降低90%，A/B测试指标波动减少40%',4,'2025-05-20 12:38:38','CANDIDATE'),(62,16,NULL,NULL,'在引入特征版本校验和自动回滚异常数据的过程中，您遇到过哪些具体的挑战？您是如何解决这些挑战的？',5,'2025-05-20 12:39:46','INTERVIEWER');
/*!40000 ALTER TABLE `interview_logs` ENABLE KEYS */;
UNLOCK TABLES;

--
-- Table structure for table `interviews`
--

DROP TABLE IF EXISTS `interviews`;
/*!40101 SET @saved_cs_client     = @@character_set_client */;
/*!50503 SET character_set_client = utf8mb4 */;
CREATE TABLE `interviews` (
  `id` int NOT NULL AUTO_INCREMENT,
  `job_id` int NOT NULL,
  `candidate_id` int NOT NULL,
  `scheduled_at` datetime DEFAULT NULL,
  `status` enum('PENDING_QUESTIONS','QUESTIONS_GENERATED','LOGGING_COMPLETED','REPORT_GENERATED') COLLATE utf8mb4_unicode_ci NOT NULL,
  `conversation_log` text COLLATE utf8mb4_unicode_ci,
  `radar_data` json DEFAULT NULL,
  `created_at` timestamp NULL DEFAULT (now()),
  `updated_at` timestamp NULL DEFAULT (now()),
  PRIMARY KEY (`id`),
  KEY `candidate_id` (`candidate_id`),
  KEY `job_id` (`job_id`),
  KEY `ix_interviews_id` (`id`),
  CONSTRAINT `interviews_ibfk_1` FOREIGN KEY (`candidate_id`) REFERENCES `candidates` (`id`),
  CONSTRAINT `interviews_ibfk_2` FOREIGN KEY (`job_id`) REFERENCES `jobs` (`id`)
) ENGINE=InnoDB AUTO_INCREMENT=17 DEFAULT CHARSET=utf8mb4 COLLATE=utf8mb4_unicode_ci;
/*!40101 SET character_set_client = @saved_cs_client */;

--
-- Dumping data for table `interviews`
--

LOCK TABLES `interviews` WRITE;
/*!40000 ALTER TABLE `interviews` DISABLE KEYS */;
INSERT INTO `interviews` VALUES (12,6,6,'2025-05-25 01:15:00','REPORT_GENERATED',NULL,'{\"团队协作倾向\": 4, \"沟通表达能力\": 3, \"专业技能与知识\": 3, \"学习能力与潜力\": 5, \"解决问题的能力\": 4}','2025-05-17 13:04:35','2025-05-20 07:55:36'),(16,6,6,'2025-05-20 10:00:00','REPORT_GENERATED',NULL,'{\"团队协作倾向\": 4, \"沟通表达能力\": 3, \"专业技能与知识\": 3, \"学习能力与潜力\": 5, \"解决问题的能力\": 4}','2025-05-20 12:35:01','2025-05-20 12:40:51');
/*!40000 ALTER TABLE `interviews` ENABLE KEYS */;
UNLOCK TABLES;

--
-- Table structure for table `jobs`
--

DROP TABLE IF EXISTS `jobs`;
/*!40101 SET @saved_cs_client     = @@character_set_client */;
/*!50503 SET character_set_client = utf8mb4 */;
CREATE TABLE `jobs` (
  `id` int NOT NULL AUTO_INCREMENT,
  `title` varchar(100) COLLATE utf8mb4_unicode_ci NOT NULL,
  `description` text COLLATE utf8mb4_unicode_ci NOT NULL,
  `created_at` timestamp NULL DEFAULT (now()),
  `updated_at` timestamp NULL DEFAULT (now()),
  `analyzed_description` text COLLATE utf8mb4_unicode_ci,
  PRIMARY KEY (`id`),
  KEY `ix_jobs_id` (`id`)
) ENGINE=InnoDB AUTO_INCREMENT=7 DEFAULT CHARSET=utf8mb4 COLLATE=utf8mb4_unicode_ci;
/*!40101 SET character_set_client = @saved_cs_client */;

--
-- Dumping data for table `jobs`
--

LOCK TABLES `jobs` WRITE;
/*!40000 ALTER TABLE `jobs` DISABLE KEYS */;
INSERT INTO `jobs` VALUES (6,'AI架构师','【岗位描述】\n1. 负责理解并分析业务需求，对需求进行抽象、归纳、总结，形成技术解决方案；\n2. 负责系统技术设计工作，承担核心功能或组件的架构设计，形成可落地实施的概要和详细设计文档；\n3. 扎实的代码功底与编码习惯，负责核心代码编写和代码评审，指导成员，解决各类疑难杂症。\n4. 设计标准研发流程，搭建基础开发环境和开发框架，设计高性能、高扩展性的、安全、稳定、可靠的服务架构；\n【任职要求】\n1. 计算机相关专业，统招本科或以上学历；8年以上后端研发、架构设计等相关工作经验，领导超过8人的项目的落地实施；\n2. 具有丰富的系统分析与架构设计实践经验，熟悉分布式系统原理和设计，同时了解AI领域的相关技术，熟悉AI项目的开发模式；\n3. 代码能力强，Java、Python等基础扎实，熟练使用常用微服务相关框架；\n4. 精通DevOps体系，熟练掌握Kubernetes体系，掌握MySQL、Redis、Kafka等常用中间件；\n5. 同时具备前端开发、前端架构者优先，具备前后端架构能力的全栈架构师优先；\n【加分项】\n1. 对智能决策方向（大模型、机器学习、强化学习、运筹学）感兴趣，且有意愿接受公司培训\n2. 有意愿在公司所在的业务领域长期稳定发展','2025-05-17 08:32:00','2025-05-17 08:32:00',NULL);
/*!40000 ALTER TABLE `jobs` ENABLE KEYS */;
UNLOCK TABLES;

--
-- Table structure for table `questions`
--

DROP TABLE IF EXISTS `questions`;
/*!40101 SET @saved_cs_client     = @@character_set_client */;
/*!50503 SET character_set_client = utf8mb4 */;
CREATE TABLE `questions` (
  `id` int NOT NULL AUTO_INCREMENT,
  `interview_id` int NOT NULL,
  `question_text` text COLLATE utf8mb4_unicode_ci NOT NULL,
  `order_num` int DEFAULT NULL,
  PRIMARY KEY (`id`),
  KEY `interview_id` (`interview_id`),
  KEY `ix_questions_id` (`id`),
  CONSTRAINT `questions_ibfk_1` FOREIGN KEY (`interview_id`) REFERENCES `interviews` (`id`)
) ENGINE=InnoDB AUTO_INCREMENT=109 DEFAULT CHARSET=utf8mb4 COLLATE=utf8mb4_unicode_ci;
/*!40101 SET character_set_client = @saved_cs_client */;

--
-- Dumping data for table `questions`
--

LOCK TABLES `questions` WRITE;
/*!40000 ALTER TABLE `questions` DISABLE KEYS */;
INSERT INTO `questions` VALUES (79,12,'请详细描述您在推荐算法开发中的具体项目经历，您是如何理解和分析业务需求，并将其转化为技术解决方案的？',1),(80,12,'在您的工作经历中，您使用Python和深度学习框架实现过哪些具体功能？请分享一个您认为最具挑战性的编程任务，并说明您是如何解决的。',2),(81,12,'请谈谈您在团队协作中所扮演的角色，尤其是在项目实施中，您是如何指导团队成员并解决技术难题的？能否举例说明？',3),(82,12,'在您的项目经历中，您如何确保系统设计的高性能和高扩展性？请分享一个您参与的架构设计案例，并讨论其关键决策。',4),(83,12,'针对分布式系统的架构设计，您认为最重要的原则是什么？请结合您在推荐系统开发中的经验，分享您是如何应用这些原则的。',5),(104,16,'请详细描述您在推荐算法开发中所采用的系统架构，如何确保系统的高性能和可扩展性？',1),(105,16,'在您的项目经历中，您是如何进行业务需求分析并转化为技术解决方案的？能否举例说明您在此过程中的具体贡献？',2),(106,16,'您在使用Python进行深度学习项目时，如何选择合适的框架（如TensorFlow或PyTorch）？在这个过程中，您是如何评估它们的优缺点的？',3),(107,16,'面对复杂的技术难题，您通常采用什么样的思路与方法进行解决？请分享一个具体的案例，包括您采取的步骤和最终结果。',4),(108,16,'您是否有参与过分布式系统的设计或实施？如果有，请说明您在项目中的角色和对系统架构的具体贡献，以及您是如何处理可能出现的技术挑战的。',5);
/*!40000 ALTER TABLE `questions` ENABLE KEYS */;
UNLOCK TABLES;

--
-- Table structure for table `reports`
--

DROP TABLE IF EXISTS `reports`;
/*!40101 SET @saved_cs_client     = @@character_set_client */;
/*!50503 SET character_set_client = utf8mb4 */;
CREATE TABLE `reports` (
  `id` int NOT NULL AUTO_INCREMENT,
  `interview_id` int NOT NULL,
  `generated_text` text COLLATE utf8mb4_unicode_ci NOT NULL,
  `created_at` timestamp NULL DEFAULT (now()),
  `updated_at` timestamp NULL DEFAULT (now()),
  `source_dialogue` text COLLATE utf8mb4_unicode_ci,
  PRIMARY KEY (`id`),
  UNIQUE KEY `interview_id` (`interview_id`),
  KEY `ix_reports_id` (`id`),
  CONSTRAINT `reports_ibfk_1` FOREIGN KEY (`interview_id`) REFERENCES `interviews` (`id`)
) ENGINE=InnoDB AUTO_INCREMENT=6 DEFAULT CHARSET=utf8mb4 COLLATE=utf8mb4_unicode_ci;
/*!40101 SET character_set_client = @saved_cs_client */;

--
-- Dumping data for table `reports`
--

LOCK TABLES `reports` WRITE;
/*!40000 ALTER TABLE `reports` DISABLE KEYS */;
INSERT INTO `reports` VALUES (4,12,'**面试评估报告**\n\n1. **综合评估**:\n   候选人在专业技能与知识、解决问题的能力、团队协作倾向和学习能力与潜力等方面表现出色，与职位要求有一定匹配度。然而，由于候选人的工作经历和教育背景信息未提供，难以全面评估其与职位的整体匹配度。鉴于候选人在面试中展现的优秀能力，推荐进入下一轮面试。\n\n2. **能力维度分析**:\n   - 专业技能与知识: 3\n     候选人在推荐算法开发领域有3年以上经验，熟练掌握Python、TensorFlow、PyTorch等技术，能够独立设计和实现复杂推荐系统。在面试中，候选人详细描述了在电商首页推荐优化项目中的具体工作经历，展现了对业务需求的理解和转化能力。\n   \n   - 解决问题的能力: 4\n     候选人在面试中展现出对业务问题的深刻理解和分析能力，能够提出创新性的解决方案并有效实施。通过引入多策略融合方案和AB测试持续优化，成功提升了新用户转化率，展现了较高的解决问题的能力。\n   \n   - 沟通表达能力: 3\n     在面试中，候选人清晰表达了在推荐算法开发项目中的工作经历和成果，逻辑性强。然而，有待进一步提升在沟通中的表达深度和广度，以更好地传达自己的想法和观点。\n   \n   - 团队协作倾向: 4\n     候选人在团队协作中扮演技术负责人的角色，能够指导团队成员并解决技术难题。通过组织代码评审和1对1辅导，成功推动项目进展，展现了较强的团队协作倾向。\n   \n   - 学习能力与潜力: 5\n     候选人展现出对新知识的接受度和学习能力，通过持续优化项目并监控关键指标，确保方案带来持续业务价值。具备在AI领域长期稳定发展的潜力。\n\n3. **亮点与优势**:\n   - 候选人有3年以上推荐算法开发经验，能够独立设计和实现复杂推荐系统。\n   - 在电商首页推荐优化项目中成功提升新用户转化率，展现出色的解决问题能力。\n   - 在团队协作中扮演技术负责人的角色，成功指导团队成员并解决技术难题。\n\n4. **风险与待发展点**:\n   - 候选人未提供教育背景和工作经历信息，难以全面评估其与职位的匹配度。\n   - 沟通表达能力有待提升，需要更多练习以提高表达深度和广度。\n\n5. **建议提问（如果进入下一轮）**:\n   - 您在推荐算法开发中遇到的最具挑战性的项目是什么？您是如何克服的？\n   - 除了面试中提到的项目，您还有其他推荐算法开发经验吗？请分享一些具体案例。','2025-05-20 07:55:36','2025-05-20 07:55:36','Q1: 请详细描述您在推荐算法开发中的具体项目经历，您是如何理解和分析业务需求，并将其转化为技术解决方案的？\nA1: 请详细描述您在推荐算法开发中的具体项目经历，您是如何理解和分析业务需求，并将其转化为技术解决方案的？\n\nQ2: 请详细描述您在推荐算法开发中的具体项目经历，您是如何理解和分析业务需求，并将其转化为技术解决方案的？\nA2: 在我参与的电商首页推荐优化项目中，业务提出希望提升新用户转化率。起初需求较模糊，我通过与产品、运营深入沟通，结合用户行为数据分析，发现新用户转化低主要受冷启动影响。基于这一洞察，我提出基于用户兴趣标签和内容特征的冷启动推荐策略，并设计召回+排序两阶段架构，结合实时特征更新，确保推荐效果和系统性能。最终帮助业务实现新用户转化率提升12%。\n\nQ3: (Ad-hoc Question)\nA3: 在这个过程中，您遇到的最大挑战是什么？您是如何克服的？\n\nQ4: 在这个过程中，您遇到的最大挑战是什么？您是如何克服的？\nA4: 最大挑战是冷启动用户推荐效果差，我引入用户兴趣标签和内容特征，设计多策略融合方案，并通过AB测试持续优化，显著提升了新用户转化。\n\nQ5: (Ad-hoc Question)\nA5: 您是如何量化您提到的这个成果的？有哪些具体数据支撑吗？\n\nQ6: 您是如何量化您提到的这个成果的？有哪些具体数据支撑吗？\nA6: 我通过AB测试验证方案效果，新用户首页CTR提升18%，转化率提升12%，并监控关键指标在上线后稳定运行，确保方案带来持续业务价值。\n\nQ7: (Ad-hoc Question)\nA7: 在这个过程中，您遇到的最大挑战是什么？您是如何克服的？\n\nQ8: 在这个过程中，您遇到的最大挑战是什么？您是如何克服的？\nA8: 房）。\n\n解决方案：\n\n动态权重设计：\n\n前3次交互赋予较低权重，随着交互次数增加逐步提升权重\n\n引入时间衰减因子，24小时内的行为权重更高\n\n跨域兴趣扩展：\n\n通过NLP分析内容标签构建知识图谱\n\n当某类目数据不足时，推荐关联类目（如喜欢篮球→推荐运动鞋）\n\nEE（Exploration-Exploitation）平衡：\n\n使用Bandit算法，保留10%流量探索用户潜在兴趣\n\n通过CTR置信区间自动识别探索时机\n\n效果：多样性指标提升30%的同时，首日留存率保持稳定。\n\nQ9: (Ad-hoc Question)\nA9: 在这个过程中，您遇到的最大挑战是什么？您是如何克服的？\n\nQ10: 在这个过程中，您遇到的最大挑战是什么？您是如何克服的？\nA10: 挑战：新用户行为稀疏导致画像不准\n\n解法：\n\n混合协同过滤+内容特征\n\n实时更新短期兴趣\n\n保留10%流量探索冷门项\n\n效果：7日留存+22%，多样性+15%\n\nQ11: (Ad-hoc Question)\nA11: 在这个过程中，您遇到的最大挑战是什么？您是如何克服的？\n\nQ12: 在这个过程中，您遇到的最大挑战是什么？您是如何克服的？\nA12: 挑战：新用户行为稀疏导致画像不准\n\n解法：\n\n混合协同过滤+内容特征\n\n实时更新短期兴趣\n\n保留10%流量探索冷门项\n\n效果：7日留存+22%，多样性+15%\n\nQ13: (Ad-hoc Question)\nA13: 如果可以重新来一次，您会在哪些方面做得不同？为什么？\n\nQ14: 如果可以重新来一次，您会在哪些方面做得不同？为什么？\nA14: 针对以下几点进行优化：\n混合协同过滤+内容特征\n\n实时更新短期兴趣\n\n保留10%流量探索冷门项\n\nQ15: 请谈谈您在团队协作中所扮演的角色，尤其是在项目实施中，您是如何指导团队成员并解决技术难题的？能否举例说明？\nA15: 请谈谈您在团队协作中所扮演的角色，尤其是在项目实施中，您是如何指导团队成员并解决技术难题的？能否举例说明？\n\nQ16: 请谈谈您在团队协作中所扮演的角色，尤其是在项目实施中，您是如何指导团队成员并解决技术难题的？能否举例说明？\nA16: 作为技术负责人，我主导设计了推荐系统架构并定期组织代码评审，例如在冷启动项目中发现团队成员对Bandit算法理解不足时，通过1对1辅导和简化算法原型（如用Epsilon-Greedy演示核心思想）快速提升团队落地能力，最终推动项目提前2周上线。\n\nQ17: (Ad-hoc Question)\nA17: 在您提到的冷启动项目中，除了Bandit算法外，您还考虑过哪些其他算法或策略？您选择Bandit算法的原因是什么？'),(5,16,'**面试评估报告**\n\n1. **综合评估**:\n   候选人张三在专业技能与知识方面有一定基础，但与职位要求存在较大差距，不推荐进入下一轮或录用。主要原因是其工作经历和技能关键词与JD要求不匹配。\n\n2. **能力维度分析**:\n    - 专业技能与知识: 3\n      在面试中，候选人展示了对推荐算法开发相关技术的了解，但缺乏与JD要求中的后端研发、架构设计等相关经验和技能。\n    - 解决问题的能力: 4\n      候选人在面试中展现了针对推荐系统架构设计中的挑战提出解决方案的能力，具有较强的逻辑性和创新性。\n    - 沟通表达能力: 3\n      候选人在回答问题时表达清晰，逻辑性较强，但在沟通中缺乏一些细节展示和深入讨论。\n    - 团队协作倾向: 4\n      从候选人描述的系统架构设计和挑战解决过程中可以看出具备团队合作的倾向，能够指导团队成员解决问题。\n    - 学习能力与潜力: 5\n      候选人展现了对新技术的接受度和学习能力，能够快速理解和应用新知识。\n\n3. **亮点与优势**:\n   - 候选人在推荐算法开发领域有3年以上经验，能够独立设计和实现复杂推荐系统，熟练掌握深度学习框架与相关技术。\n\n4. **风险与待发展点**:\n   - 候选人缺乏后端研发、架构设计等相关经验，与JD要求的技能和经验要求不匹配，需要进一步提升相关领域的知识和技能。\n   - 未提供教育背景和工作经历，缺乏对候选人整体背景的了解，难以评估其全面能力。\n\n5. **建议提问（如果进入下一轮）**:\n   - 您在推荐算法开发中遇到的最具挑战性的技术问题是什么？您是如何解决的？\n   - 请分享您在团队合作中的一次成功经历，以及您在其中扮演的角色和贡献。','2025-05-20 12:40:51','2025-05-20 12:40:51','Q1: 请详细描述您在推荐算法开发中所采用的系统架构，如何确保系统的高性能和可扩展性？\nA1: 请详细描述您在推荐算法开发中所采用的系统架构，如何确保系统的高性能和可扩展性？\n\nQ2: 请详细描述您在推荐算法开发中所采用的系统架构，如何确保系统的高性能和可扩展性？\nA2: 作为推荐系统架构师，我设计了基于微服务的分层架构（实时特征计算层+分布式模型服务层），通过引入Redis缓存用户实时行为、Flink进行流式特征处理、以及模型分片部署策略，实现系统在千万级QPS下保持<50ms延迟，同时支持横向扩展。\n\nQ3: (Ad-hoc Question)\nA3: 在这个过程中，您遇到的最大挑战是什么？您是如何克服的？\n\nQ4: 在这个过程中，您遇到的最大挑战是什么？您是如何克服的？\nA4: 挑战：实时特征计算与离线模型更新的数据一致性难题\n\n解法：\n\n设计双缓冲机制：在线服务使用稳定特征版本，后台异步更新下一版本\n\n引入特征版本校验，自动回滚异常数据\n\n通过分布式事务保证特征库与模型服务的原子更新\n\n效果：特征漂移率降低90%，A/B测试指标波动减少40%\n\nQ5: (Ad-hoc Question)\nA5: 在引入特征版本校验和自动回滚异常数据的过程中，您遇到过哪些具体的挑战？您是如何解决这些挑战的？');
/*!40000 ALTER TABLE `reports` ENABLE KEYS */;
UNLOCK TABLES;
/*!40103 SET TIME_ZONE=@OLD_TIME_ZONE */;

/*!40101 SET SQL_MODE=@OLD_SQL_MODE */;
/*!40014 SET FOREIGN_KEY_CHECKS=@OLD_FOREIGN_KEY_CHECKS */;
/*!40014 SET UNIQUE_CHECKS=@OLD_UNIQUE_CHECKS */;
/*!40101 SET CHARACTER_SET_CLIENT=@OLD_CHARACTER_SET_CLIENT */;
/*!40101 SET CHARACTER_SET_RESULTS=@OLD_CHARACTER_SET_RESULTS */;
/*!40101 SET COLLATION_CONNECTION=@OLD_COLLATION_CONNECTION */;
/*!40111 SET SQL_NOTES=@OLD_SQL_NOTES */;

-- Dump completed on 2025-05-21 10:56:45
